{"global_step": 20000, "_timestamp": 1719220513.8434296, "test/env_step": 20000.0, "test/reward": -1896.093994140625, "test/length": 24.0, "test/reward_std": 0.0, "test/length_std": 0.0, "_runtime": 779.3986566066742, "_step": 20, "train/episode": 40.0, "train/reward": -2046.7740478515625, "train/length": 24.0, "update/loss/critic": 902171.8125, "update/overall_loss": 0.011634306982159615, "_wandb": {"runtime": 777}}