{"global_step": 1000000, "_timestamp": 1719414623.7197227, "test/env_step": 1000000.0, "test/reward": -100.06749725341797, "test/length": 24.0, "test/reward_std": 0.0, "test/length_std": 0.0, "_runtime": 31030.869210720062, "_step": 1000, "train/episode": 40.0, "train/reward": -201.94166564941406, "train/length": 24.0, "update/loss/critic": 28339.42578125, "update/overall_loss": 0.0024648932740092278, "_wandb": {"runtime": 31029}}