{"global_step": 3000, "_timestamp": 1719222000.8793123, "test/env_step": 3000.0, "test/reward": -2644.684814453125, "test/length": 24.0, "test/reward_std": 0.0, "test/length_std": 0.0, "_runtime": 172.5690212249756, "_step": 31, "train/episode": 10.0, "train/reward": -2584.7783203125, "train/length": 24.0, "update/loss/critic": 1424117.25, "update/overall_loss": 0.009403446689248085, "_wandb": {"runtime": 171}}