{"global_step": 10000, "_timestamp": 1717083328.9861307, "test/env_step": 10000.0, "test/reward": -8.942818641662598, "test/length": 1.0, "test/reward_std": 0.0, "test/length_std": 0.0, "_runtime": 263.74025869369507, "_step": 10, "train/episode": 1000.0, "train/reward": -2.5837130546569824, "train/length": 1.0, "update/loss/critic": 76.69903564453125, "update/overall_loss": 0.0002226822980446741, "_wandb": {"runtime": 261}}