{"global_step": 10000, "_timestamp": 1719473177.6315625, "test/env_step": 10000.0, "test/reward": -11.21162223815918, "test/length": 24.0, "test/reward_std": 0.0, "test/length_std": 0.0, "_runtime": 206.59109735488892, "_step": 10, "train/episode": 40.0, "train/reward": -28.703006744384766, "train/length": 24.0, "update/overall_loss": 5.086299643153325e-05, "_wandb": {"runtime": 204}}