{"global_step": 10000, "_timestamp": 1719487478.779802, "test/env_step": 10000.0, "test/reward": -6.763370990753174, "test/length": 24.0, "test/reward_std": 0.0, "test/length_std": 0.0, "_runtime": 220.40034317970276, "_step": 10, "train/episode": 40.0, "train/reward": -34.743473052978516, "train/length": 24.0, "update/overall_loss": 5.483119821292348e-05, "_wandb": {"runtime": 218}}