{"global_step": 10000, "_timestamp": 1719474160.89682, "test/env_step": 10000.0, "test/reward": -1.6873944997787476, "test/length": 24.0, "test/reward_std": 0.0, "test/length_std": 0.0, "_runtime": 209.1547269821167, "_step": 10, "train/episode": 40.0, "train/reward": -27.576814651489258, "train/length": 24.0, "update/overall_loss": 5.021218385081738e-05, "_wandb": {"runtime": 207}}