{"global_step": 10000, "_timestamp": 1719213566.4875615, "test/env_step": 10000.0, "test/reward": -2052.290771484375, "test/length": 24.0, "test/reward_std": 0.0, "test/length_std": 0.0, "_runtime": 373.16521549224854, "_step": 10, "train/episode": 40.0, "train/reward": -2079.45849609375, "train/length": 24.0, "update/loss/critic": 1031067.5625, "update/overall_loss": 0.010374076664447784, "_wandb": {"runtime": 371}}