{"global_step": 10000, "_timestamp": 1719474878.4881756, "test/env_step": 10000.0, "test/reward": -40.26496887207031, "test/length": 24.0, "test/reward_std": 0.0, "test/length_std": 0.0, "_runtime": 207.83481764793396, "_step": 10, "train/episode": 40.0, "train/reward": -26.799062728881836, "train/length": 24.0, "update/overall_loss": 5.299177428241819e-05, "_wandb": {"runtime": 206}}