{"global_step": 10000, "_timestamp": 1719471305.8756754, "test/env_step": 10000.0, "test/reward": -1.8509354049456306e-09, "test/length": 24.0, "test/reward_std": 0.0, "test/length_std": 0.0, "_runtime": 196.09220051765442, "_step": 10, "train/episode": 40.0, "train/reward": -32.75433349609375, "train/length": 24.0, "update/overall_loss": 9.430370846530423e-05, "_wandb": {"runtime": 194}}