{"global_step": 10000, "_timestamp": 1719470339.8821964, "test/env_step": 10000.0, "test/reward": -51.488304138183594, "test/length": 24.0, "test/reward_std": 0.0, "test/length_std": 0.0, "_runtime": 326.42767238616943, "_step": 10, "train/episode": 40.0, "train/reward": -110.09563446044922, "train/length": 24.0, "update/loss/critic": 19714.650390625, "update/overall_loss": 0.00029086405993439257, "_wandb": {"runtime": 324}}