{"global_step": 30000, "_timestamp": 1719307372.2307625, "test/env_step": 30000.0, "test/reward": -410.1536865234375, "test/length": 24.0, "test/reward_std": 0.0, "test/length_std": 0.0, "_runtime": 902.6550483703613, "_step": 30, "train/episode": 50.0, "train/reward": -548.4758911132812, "train/length": 24.0, "update/loss/critic": 195064.078125, "update/overall_loss": 0.002778442809358239, "_wandb": {"runtime": 901}}