{"global_step": 64000, "_timestamp": 1719316032.4818416, "test/env_step": 64000.0, "test/reward": -544.285888671875, "test/length": 24.0, "test/reward_std": 0.0, "test/length_std": 0.0, "_runtime": 1844.6755764484406, "_step": 64, "train/episode": 40.0, "train/reward": -442.3819580078125, "train/length": 24.0, "update/loss/critic": 141507.578125, "update/overall_loss": 0.0027378960512578487, "_wandb": {"runtime": 1847}}