{"_wandb": {"runtime": 8}, "global_step": 0, "_timestamp": 1717079390.3540957, "test/env_step": 0.0, "test/reward": -1755.89404296875, "test/length": 24.0, "test/reward_std": 0.0, "test/length_std": 0.0, "_runtime": 10.509212732315063, "_step": 0}