{"global_step": 30000, "_timestamp": 1719488560.032077, "test/env_step": 30000.0, "test/reward": -92.17162322998047, "test/length": 24.0, "test/reward_std": 0.0, "test/length_std": 0.0, "_runtime": 616.2603051662445, "_step": 30, "train/episode": 50.0, "train/reward": -86.09598541259766, "train/length": 24.0, "update/overall_loss": 0.0021794962231069803, "_wandb": {"runtime": 614}}