{"global_step": 20000, "_timestamp": 1719302795.5258386, "test/env_step": 20000.0, "test/reward": -15.070862770080566, "test/length": 24.0, "test/reward_std": 0.0, "test/length_std": 0.0, "_runtime": 595.9480035305023, "_step": 20, "train/episode": 40.0, "train/reward": -107.9876937866211, "train/length": 24.0, "update/loss/critic": 7140.2119140625, "update/overall_loss": 0.00021373818162828684, "_wandb": {"runtime": 594}}