{"global_step": 20000, "_timestamp": 1719250368.8085637, "test/env_step": 20000.0, "test/reward": -8.03378677368164, "test/length": 24.0, "test/reward_std": 0.0, "test/length_std": 0.0, "_runtime": 785.1943247318268, "_step": 20, "train/episode": 40.0, "train/reward": -17.337535858154297, "train/length": 24.0, "update/loss/critic": 356.9471740722656, "update/overall_loss": 5.369116843212396e-05, "_wandb": {"runtime": 783}}