{"global_step": 30000, "_timestamp": 1719310684.335177, "test/env_step": 30000.0, "test/reward": -574.93798828125, "test/length": 24.0, "test/reward_std": 0.0, "test/length_std": 0.0, "_runtime": 882.906103849411, "_step": 30, "train/episode": 50.0, "train/reward": -452.26544189453125, "train/length": 24.0, "update/loss/critic": 96395.625, "update/overall_loss": 0.004061393905431032, "_wandb": {"runtime": 881}}