{"global_step": 100000, "_timestamp": 1719235899.4431973, "test/env_step": 100000.0, "test/reward": -1721.3863525390625, "test/length": 24.0, "test/reward_std": 0.0, "test/length_std": 0.0, "_runtime": 3787.8025012016296, "_step": 100, "train/episode": 40.0, "train/reward": -1488.466552734375, "train/length": 24.0, "update/loss/critic": 557407.125, "update/overall_loss": 0.016628257930278778, "_wandb": {"runtime": 3786}}