{"global_step": 10000000, "_timestamp": 1721559001.953144, "test/env_step": 10000000.0, "test/reward": -215.66458129882812, "test/length": 24.0, "test/reward_std": 0.0, "test/length_std": 0.0, "_runtime": 203507.80991005898, "_step": 10000, "train/episode": 40.0, "train/reward": -271.95196533203125, "train/length": 24.0, "update/overall_loss": 0.004206630866974592, "_wandb": {"runtime": 203506}}