{"global_step": 60000, "_timestamp": 1719312713.3178086, "test/env_step": 60000.0, "test/reward": -495.7684020996094, "test/length": 24.0, "test/reward_std": 0.0, "test/length_std": 0.0, "_runtime": 1800.8304135799408, "_step": 60, "train/episode": 50.0, "train/reward": -392.5292663574219, "train/length": 24.0, "update/loss/critic": 81687.203125, "update/overall_loss": 0.0033391027245670557, "_wandb": {"runtime": 1798}}