{"global_step": 10000, "_timestamp": 1719485504.114487, "test/env_step": 10000.0, "test/reward": -961.648193359375, "test/length": 24.0, "test/reward_std": 0.0, "test/length_std": 0.0, "_runtime": 212.09926581382751, "_step": 10, "train/episode": 40.0, "train/reward": -650.2135620117188, "train/length": 24.0, "update/overall_loss": 0.008431823924183846, "_wandb": {"runtime": 210}}