{"global_step": 10000, "_timestamp": 1719487870.8100688, "test/env_step": 10000.0, "test/reward": -2.00665020942688, "test/length": 24.0, "test/reward_std": 0.0, "test/length_std": 0.0, "_runtime": 210.7458598613739, "_step": 10, "train/episode": 40.0, "train/reward": -168.5465087890625, "train/length": 24.0, "update/overall_loss": 0.007895450107753277, "_wandb": {"runtime": 209}}