{"global_step": 1000, "_timestamp": 1717081122.7282274, "test/env_step": 1000.0, "test/reward": 0.0, "test/length": 1.0, "test/reward_std": 0.0, "test/length_std": 0.0, "_runtime": 76.66422033309937, "_step": 1000, "train/episode": 1.0, "train/reward": -1.691514015197754, "train/length": 1.0, "update/loss/critic": 1394.4603271484375, "update/overall_loss": 0.0014612728264182806, "_wandb": {"runtime": 90}}