{"global_step": 100000, "_timestamp": 1719231732.0579967, "test/env_step": 100000.0, "test/reward": -1398.7703857421875, "test/length": 24.0, "test/reward_std": 0.0, "test/length_std": 0.0, "_runtime": 3871.5885047912598, "_step": 100, "train/episode": 40.0, "train/reward": -1528.926513671875, "train/length": 24.0, "update/loss/critic": 637861.9375, "update/overall_loss": 0.013204800896346569, "_wandb": {"runtime": 3870}}