{"global_step": 20000, "_timestamp": 1719216788.5740669, "test/env_step": 20000.0, "test/reward": -1410.331787109375, "test/length": 24.0, "test/reward_std": 0.0, "test/length_std": 0.0, "_runtime": 806.4926478862762, "_step": 20, "train/episode": 40.0, "train/reward": -1936.389892578125, "train/length": 24.0, "update/loss/critic": 834341.0625, "update/overall_loss": 0.010286178439855576, "_wandb": {"runtime": 804}}