{"global_step": 10000, "_timestamp": 1719470736.464933, "test/env_step": 10000.0, "test/reward": -31.03512191772461, "test/length": 24.0, "test/reward_std": 0.0, "test/length_std": 0.0, "_runtime": 326.0625410079956, "_step": 10, "train/episode": 40.0, "train/reward": -27.86132049560547, "train/length": 24.0, "update/loss/critic": 3938.0791015625, "update/overall_loss": 9.523276094114408e-05, "_wandb": {"runtime": 324}}