{"global_step": 20000, "_timestamp": 1719303602.7333236, "test/env_step": 20000.0, "test/reward": -80.86781311035156, "test/length": 24.0, "test/reward_std": 0.0, "test/length_std": 0.0, "_runtime": 624.4751205444336, "_step": 20, "train/episode": 40.0, "train/reward": -58.3360710144043, "train/length": 24.0, "update/loss/critic": 496.2410583496094, "update/overall_loss": 0.001765406341291964, "_wandb": {"runtime": 622}}