{"global_step": 20000, "_timestamp": 1719305204.091058, "test/env_step": 20000.0, "test/reward": -1246.7633056640625, "test/length": 24.0, "test/reward_std": 0.0, "test/length_std": 0.0, "_runtime": 603.7491869926453, "_step": 20, "train/episode": 40.0, "train/reward": -688.3751831054688, "train/length": 24.0, "update/loss/critic": 5176.29541015625, "update/overall_loss": 0.0020059330854564905, "_wandb": {"runtime": 601}}