{"global_step": 10000, "_timestamp": 1719475150.6462393, "test/env_step": 10000.0, "test/reward": -2.3484179973602295, "test/length": 24.0, "test/reward_std": 0.0, "test/length_std": 0.0, "_runtime": 216.33977127075195, "_step": 10, "train/episode": 40.0, "train/reward": -21.649669647216797, "train/length": 24.0, "update/overall_loss": 5.149388380232267e-05, "_wandb": {"runtime": 214}}