{"global_step": 30000, "_timestamp": 1719223491.3666897, "test/env_step": 30000.0, "test/reward": -1963.982177734375, "test/length": 24.0, "test/reward_std": 0.0, "test/length_std": 0.0, "_runtime": 1461.2864837646484, "_step": 30, "train/episode": 50.0, "train/reward": -1915.6029052734375, "train/length": 24.0, "update/loss/critic": 773808.5, "update/overall_loss": 0.012378155253827572, "_wandb": {"runtime": 1459}}