{"global_step": 20000, "_timestamp": 1719302056.0067182, "test/env_step": 20000.0, "test/reward": -34.07808303833008, "test/length": 24.0, "test/reward_std": 0.0, "test/length_std": 0.0, "_runtime": 581.5308830738068, "_step": 20, "train/episode": 40.0, "train/reward": -18.093341827392578, "train/length": 24.0, "update/loss/critic": 5921.54443359375, "update/overall_loss": 1.0603197324599023e-06, "_wandb": {"runtime": 579}}