{"global_step": 40000, "_timestamp": 1719227692.7261999, "test/env_step": 40000.0, "test/reward": -1989.195068359375, "test/length": 24.0, "test/reward_std": 0.0, "test/length_std": 0.0, "_runtime": 1536.5940289497375, "_step": 40, "train/episode": 40.0, "train/reward": -1701.8919677734375, "train/length": 24.0, "update/loss/critic": 705764.6875, "update/overall_loss": 0.012543159537017345, "_wandb": {"runtime": 1534}}