{"global_step": 30000, "_timestamp": 1719308370.3200543, "test/env_step": 30000.0, "test/reward": -0.7038087248802185, "test/length": 24.0, "test/reward_std": 0.0, "test/length_std": 0.0, "_runtime": 882.0838294029236, "_step": 30, "train/episode": 50.0, "train/reward": -10.720646858215332, "train/length": 24.0, "update/loss/critic": 6612.53759765625, "update/overall_loss": 3.8080404920037836e-05, "_wandb": {"runtime": 880}}