{"global_step": 43000, "_timestamp": 1719318211.3471735, "test/env_step": 42000.0, "test/reward": -476.3079528808594, "test/length": 24.0, "test/reward_std": 0.0, "test/length_std": 0.0, "_runtime": 1175.8135924339294, "_step": 43, "train/episode": 40.0, "train/reward": -498.6776428222656, "train/length": 24.0, "update/loss/critic": 170297.796875, "update/overall_loss": 0.0027999731246382, "_wandb": {"runtime": 1185}}