{"global_step": 10000000, "_timestamp": 1719752719.5958724, "test/env_step": 10000000.0, "test/reward": -227.5747528076172, "test/length": 24.0, "test/reward_std": 0.0, "test/length_std": 0.0, "_runtime": 198353.09971046448, "_step": 10000, "train/episode": 40.0, "train/reward": -285.688232421875, "train/length": 24.0, "update/overall_loss": 0.004291332792490721, "_wandb": {"runtime": 198351}}