{"global_step": 18291, "_timestamp": 1717082182.1310802, "test/env_step": 18291.0, "test/reward": -6.434432029724121, "test/length": 1.0, "test/reward_std": 0.0, "test/length_std": 0.0, "_runtime": 769.7414262294769, "_step": 18291, "train/episode": 1.0, "train/reward": -2.3389220237731934, "train/length": 1.0, "update/loss/critic": 66.09370422363281, "update/overall_loss": 0.0001371122634736821, "_wandb": {"runtime": 767}}