{"global_step": 5000, "_timestamp": 1719224468.935198, "test/env_step": 5000.0, "test/reward": -57.21133804321289, "test/length": 24.0, "test/reward_std": 0.0, "test/length_std": 0.0, "_runtime": 214.24688696861267, "_step": 5, "train/episode": 40.0, "train/reward": -72.04737091064453, "train/length": 24.0, "update/loss/critic": 855.2074584960938, "update/overall_loss": 0.015958469361066818, "_wandb": {"runtime": 212}}