{"global_step": 10000, "_timestamp": 1718971246.0482516, "test/env_step": 10000.0, "test/reward": -1.0784727334976196, "test/length": 1.0, "test/reward_std": 0.0, "test/length_std": 0.0, "_runtime": 237.5392255783081, "_step": 10, "train/episode": 1000.0, "train/reward": -3.6969406604766846, "train/length": 1.0, "update/loss/critic": 178.4294891357422, "update/overall_loss": 0.00028195808408781886, "_wandb": {"runtime": 235}}