{"global_step": 10000, "_timestamp": 1719215574.7175944, "test/env_step": 10000.0, "test/reward": -12.212794303894043, "test/length": 24.0, "test/reward_std": 0.0, "test/length_std": 0.0, "_runtime": 375.08747935295105, "_step": 10, "train/episode": 40.0, "train/reward": -52.026634216308594, "train/length": 24.0, "update/loss/critic": 5002.900390625, "update/overall_loss": 0.00013431003026198596, "_wandb": {"runtime": 373}}