{"global_step": 100000, "_timestamp": 1719321320.410319, "test/env_step": 100000.0, "test/reward": -212.0010223388672, "test/length": 24.0, "test/reward_std": 0.0, "test/length_std": 0.0, "_runtime": 3031.910611152649, "_step": 100, "train/episode": 40.0, "train/reward": -344.85150146484375, "train/length": 24.0, "update/loss/critic": 109374.8984375, "update/overall_loss": 0.005229174625128508, "_wandb": {"runtime": 3030}}