{"global_step": 1000, "_timestamp": 1717081315.2107325, "test/env_step": 1000.0, "test/reward": 0.0, "test/length": 1.0, "test/reward_std": 0.0, "test/length_std": 0.0, "_runtime": 58.00359845161438, "_step": 1000, "_wandb": {"runtime": 56}, "train/episode": 1.0, "train/reward": -16.193286895751953, "train/length": 1.0, "update/loss/critic": 1430.9217529296875, "update/overall_loss": 0.0016367693897336721}