{"global_step": 20000, "_timestamp": 1719219392.8235, "test/env_step": 20000.0, "test/reward": -2944.625244140625, "test/length": 24.0, "test/reward_std": 0.0, "test/length_std": 0.0, "_runtime": 734.6481590270996, "_step": 20, "train/episode": 40.0, "train/reward": -2513.185546875, "train/length": 24.0, "update/loss/critic": 1128487.5, "update/overall_loss": 0.0055047497153282166, "_wandb": {"runtime": 732}}