{"global_step": 10000, "_timestamp": 1719475927.2203019, "test/env_step": 10000.0, "test/reward": -21.86446189880371, "test/length": 24.0, "test/reward_std": 0.0, "test/length_std": 0.0, "_runtime": 220.7712779045105, "_step": 10, "train/episode": 40.0, "train/reward": -21.84621810913086, "train/length": 24.0, "update/overall_loss": 5.529601185116917e-05, "_wandb": {"runtime": 219}}