{"global_step": 19000, "_timestamp": 1717082974.6050432, "test/env_step": 19000.0, "test/reward": -3.0213840318538132e-09, "test/length": 1.0, "test/reward_std": 0.0, "test/length_std": 0.0, "_runtime": 501.26669120788574, "_step": 19, "train/episode": 1000.0, "train/reward": -1.1917641162872314, "train/length": 1.0, "update/loss/critic": 49.817893981933594, "update/overall_loss": 0.00012326448631938547, "_wandb": {"runtime": 505}}