{"global_step": 10000, "_timestamp": 1719486486.7109, "test/env_step": 10000.0, "test/reward": -27.231964111328125, "test/length": 24.0, "test/reward_std": 0.0, "test/length_std": 0.0, "_runtime": 209.28980708122253, "_step": 10, "train/episode": 40.0, "train/reward": -25.078035354614258, "train/length": 24.0, "update/overall_loss": 5.130818681209348e-05, "_wandb": {"runtime": 207}}