{"global_step": 10000000, "_timestamp": 1721852584.0656564, "test/env_step": 10000000.0, "test/reward": -627.221923828125, "test/length": 24.0, "test/reward_std": 0.0, "test/length_std": 0.0, "_runtime": 204919.1742143631, "_step": 10000, "train/episode": 40.0, "train/reward": -422.1988830566406, "train/length": 24.0, "update/overall_loss": 0.007314731366932392, "_wandb": {"runtime": 204917}}