{"global_step": 18000, "_timestamp": 1719246301.4067888, "test/env_step": 18000.0, "test/reward": -1692.7705078125, "test/length": 24.0, "test/reward_std": 0.0, "test/length_std": 0.0, "_runtime": 745.7680928707123, "_step": 18, "train/episode": 50.0, "train/reward": -1953.7728271484375, "train/length": 24.0, "update/loss/critic": 836566.3125, "update/overall_loss": 0.014762958511710167, "_wandb": {"runtime": 745}}