{"global_step": 10000, "_timestamp": 1719472764.7455688, "test/env_step": 10000.0, "test/reward": -33.15705108642578, "test/length": 24.0, "test/reward_std": 0.0, "test/length_std": 0.0, "_runtime": 210.8801908493042, "_step": 10, "train/episode": 40.0, "train/reward": -27.3649845123291, "train/length": 24.0, "update/overall_loss": 9.926973871188238e-05, "_wandb": {"runtime": 209}}