{"global_step": 1000000, "_timestamp": 1719508912.1677103, "test/env_step": 1000000.0, "test/reward": -344.645263671875, "test/length": 24.0, "test/reward_std": 0.0, "test/length_std": 0.0, "_runtime": 20280.541590213776, "_step": 1000, "train/episode": 40.0, "train/reward": -476.7441101074219, "train/length": 24.0, "update/overall_loss": 0.00894137378782034, "_wandb": {"runtime": 20279}}