{"global_step": 10000, "_timestamp": 1719473888.47951, "test/env_step": 10000.0, "test/reward": -30.688411712646484, "test/length": 24.0, "test/reward_std": 0.0, "test/length_std": 0.0, "_runtime": 210.2029550075531, "_step": 10, "train/episode": 40.0, "train/reward": -26.268356323242188, "train/length": 24.0, "update/overall_loss": 5.645982309943065e-05, "_wandb": {"runtime": 208}}