{"global_step": 10000, "_timestamp": 1719472331.8704545, "test/env_step": 10000.0, "test/reward": -68.81077575683594, "test/length": 24.0, "test/reward_std": 0.0, "test/length_std": 0.0, "_runtime": 210.02490043640137, "_step": 10, "train/episode": 40.0, "train/reward": -34.03178787231445, "train/length": 24.0, "update/overall_loss": 9.353797941002995e-05, "_wandb": {"runtime": 208}}