{"global_step": 20000, "_timestamp": 1719217973.540012, "test/env_step": 20000.0, "test/reward": -1996.6917724609375, "test/length": 24.0, "test/reward_std": 0.0, "test/length_std": 0.0, "_runtime": 740.1531209945679, "_step": 20, "train/episode": 40.0, "train/reward": -2002.5169677734375, "train/length": 24.0, "update/loss/critic": 833876.0625, "update/overall_loss": 0.011858542449772358, "_wandb": {"runtime": 738}}