{"global_step": 500000, "_timestamp": 1719335482.173303, "test/env_step": 500000.0, "test/reward": -102.77233123779297, "test/length": 24.0, "test/reward_std": 0.0, "test/length_std": 0.0, "_runtime": 14072.796853780746, "_step": 500, "train/episode": 40.0, "train/reward": -238.6352081298828, "train/length": 24.0, "update/loss/critic": 191946.03125, "update/overall_loss": 0.002894078381359577, "_wandb": {"runtime": 14071}}