{"global_step": 20000, "_timestamp": 1719304376.728585, "test/env_step": 20000.0, "test/reward": -523.2979736328125, "test/length": 24.0, "test/reward_std": 0.0, "test/length_std": 0.0, "_runtime": 679.2403581142426, "_step": 20, "train/episode": 40.0, "train/reward": -589.269775390625, "train/length": 24.0, "update/loss/critic": 130170.5859375, "update/overall_loss": 0.0017896323697641492, "_wandb": {"runtime": 677}}