{"global_step": 5000, "_timestamp": 1719224743.181997, "test/env_step": 5000.0, "test/reward": -2510.03271484375, "test/length": 24.0, "test/reward_std": 0.0, "test/length_std": 0.0, "_runtime": 206.36678814888, "_step": 5, "train/episode": 40.0, "train/reward": -2372.468017578125, "train/length": 24.0, "update/loss/critic": 3071802.5, "update/overall_loss": 0.010041453875601292, "_wandb": {"runtime": 204}}