{"_wandb": {"runtime": 8}, "global_step": 0, "_timestamp": 1717080569.766768, "test/env_step": 0.0, "test/reward": -1070.5057373046875, "test/length": 24.0, "test/reward_std": 0.0, "test/length_std": 0.0, "_runtime": 11.215188026428223, "_step": 0}