{"global_step": 20000, "_timestamp": 1719301416.1260533, "test/env_step": 20000.0, "test/reward": -505.18890380859375, "test/length": 24.0, "test/reward_std": 0.0, "test/length_std": 0.0, "_runtime": 604.9669332504272, "_step": 20, "train/episode": 40.0, "train/reward": -689.0714721679688, "train/length": 24.0, "update/loss/critic": 124526.8359375, "update/overall_loss": 0.0017579692648723722, "_wandb": {"runtime": 603}}