{"global_step": 50000, "_timestamp": 1719248622.5377278, "test/env_step": 50000.0, "test/reward": -2111.271728515625, "test/length": 24.0, "test/reward_std": 0.0, "test/length_std": 0.0, "_runtime": 2248.389992713928, "_step": 50, "train/episode": 40.0, "train/reward": -1716.6319580078125, "train/length": 24.0, "update/loss/critic": 581379.0, "update/overall_loss": 0.01612534373998642, "_wandb": {"runtime": 2246}}