{"global_step": 27000, "_timestamp": 1719316955.483696, "test/env_step": 26000.0, "test/reward": -706.9107055664062, "test/length": 24.0, "test/reward_std": 0.0, "test/length_std": 0.0, "_runtime": 813.1582450866699, "_step": 27, "train/episode": 40.0, "train/reward": -549.90576171875, "train/length": 24.0, "update/loss/critic": 78567.7265625, "update/overall_loss": 0.0027007993776351213, "_wandb": {"runtime": 830}}