{"_wandb": {"runtime": 8}, "global_step": 0, "_timestamp": 1717079228.8307455, "test/env_step": 0.0, "test/reward": -1707.4864501953125, "test/length": 24.0, "test/reward_std": 0.0, "test/length_std": 0.0, "_runtime": 9.672917366027832, "_step": 0}