{"global_step": 30000, "_timestamp": 1719309675.3781, "test/env_step": 30000.0, "test/reward": -81.07467651367188, "test/length": 24.0, "test/reward_std": 0.0, "test/length_std": 0.0, "_runtime": 925.3440899848938, "_step": 30, "train/episode": 50.0, "train/reward": -30.632137298583984, "train/length": 24.0, "update/loss/critic": 31164.7109375, "update/overall_loss": 5.023022140449029e-07, "_wandb": {"runtime": 923}}