{"global_step": 10000, "_timestamp": 1719474466.1464894, "test/env_step": 10000.0, "test/reward": -15.405355453491211, "test/length": 24.0, "test/reward_std": 0.0, "test/length_std": 0.0, "_runtime": 218.0210964679718, "_step": 10, "train/episode": 40.0, "train/reward": -25.5618839263916, "train/length": 24.0, "update/overall_loss": 5.1624454499688e-05, "_wandb": {"runtime": 216}}