{"global_step": 9000, "_timestamp": 1719306373.9704401, "test/env_step": 8000.0, "test/reward": -642.6109619140625, "test/length": 24.0, "test/reward_std": 0.0, "test/length_std": 0.0, "_runtime": 257.12524223327637, "_step": 9, "train/episode": 40.0, "train/reward": -596.1867065429688, "train/length": 24.0, "update/loss/critic": 44250.3046875, "update/overall_loss": 0.0013648716267198324, "_wandb": {"runtime": 267}}