{"global_step": 20000, "_timestamp": 1719300494.7836974, "test/env_step": 20000.0, "test/reward": -1120.6365966796875, "test/length": 24.0, "test/reward_std": 0.0, "test/length_std": 0.0, "_runtime": 597.3162672519684, "_step": 20, "train/episode": 40.0, "train/reward": -1222.3062744140625, "train/length": 24.0, "update/loss/critic": 581617.5, "update/overall_loss": 0.0018045465694740415, "_wandb": {"runtime": 593}}