{"global_step": 10000, "_timestamp": 1719479709.272051, "test/env_step": 10000.0, "test/reward": -38.01560592651367, "test/length": 24.0, "test/reward_std": 0.0, "test/length_std": 0.0, "_runtime": 213.39688420295715, "_step": 10, "train/episode": 40.0, "train/reward": -26.510257720947266, "train/length": 24.0, "update/overall_loss": 5.4077037930255756e-05, "_wandb": {"runtime": 211}}