{"global_step": 20000, "_timestamp": 1719221414.32219, "test/env_step": 20000.0, "test/reward": -2238.32177734375, "test/length": 24.0, "test/reward_std": 0.0, "test/length_std": 0.0, "_runtime": 832.9747359752655, "_step": 20, "train/episode": 40.0, "train/reward": -1925.7054443359375, "train/length": 24.0, "update/loss/critic": 841786.0, "update/overall_loss": 0.011626873165369034, "_wandb": {"runtime": 831}}